"locality_and_treatment","LocalityCode","LocalityName","Treatment","Longitude","Latitude","Clear.cut","Year.initiated","LiDAR.data.from.year","plot_density_m2","resolution_m","region","Moose2015","Reddeer2015","Roedeer2015","YrsSinceExclosure","field_mean","field_median","trt","mean","n","median","sd","min","max","ninetyfive","first_qu","third_qu","mad","rmad","pf70","df1","dl2","rumple","vci","prod"
"bratsberg_b","BRB","Bratsberg","B",10.473511,63.352546,2002,2008,2017,5,"0,25","Trondelag",79.89208961,1.335197374,31.0221955,9,0.305774781922018,0.25,"b",0.389987665741597,3243,0.03,1.26133065752342,-0.03,9.6,2.94699999999999,0,0.09,0.044478,1.4826,0.07,0.0129509713228492,0,2.74055444747432,0.224873925074563,0.196448579540101
"bratsberg_ub","BRUB","Bratsberg","UB",10.472432,63.352243,2002,2008,2017,5,"0,25","Trondelag",79.89208961,1.335197374,31.0221955,9,1.38250736531987,1.25,"ub",0.915085076708508,3585,0.11,1.18661174474682,0,6.27,3.11,0.01,1.88,0.163086,1.4826,1.64,0.156485355648536,0.8125,6.24843842516677,0.491857370314548,0.196448579540101
"didrik_holmsen_b","DHB","Didrik Holmsen","B",11.427864,59.852391,2007,2010,2018,5,"0,25","Hedmark",56.43464358,0,18.91236981,8,0.970176270847898,0.875,"b",0.211798043728423,3476,0.07,0.434840469292247,0,3.56,1.2,0,0.15,0.103782,1.4826,0.13,0,0,1.72448839972327,0.245453394392141,0.234215068001819
"didrik_holmsen_ub","DHUB","Didrik Holmsen","UB",11.427313,59.850922,2007,2010,2018,5,"0,25","Hedmark",56.43464358,0,18.91236981,8,2.32102272727273,2,"ub",0.448648902821317,3190,0.1,0.667371783764157,-0.02,4.56,1.92,0,0.6875,0.14826,1.4826,0.43,0,0,2.76790373632069,0.427667275591252,0.234215068001819
"drangedal1_b","1DRB","Drangedal1","B",9.146759,59.129363,2005,2009,2017,2,"0,5","Telemark",27.00672829,9.836987784,5.031787593,8,1.01119791666667,0.75,"b",0.354060427413412,1357,0.08,0.606750695405727,0,3.79,1.562,0,0.37,0.118608,1.4826,0.24,0,0,1.99647585312952,0.382458446118937,0.211316769544198
"drangedal1_ub","1DRUB","Drangedal1","UB",9.147015,59.12789,2005,2009,2017,2,"0,5","Telemark",27.00672829,9.836987784,5.031787593,8,1.36182359307359,1.375,"ub",0.728161290322581,1240,0.1,1.53216880570856,0,8.7,2.524,0,1.0325,0.14826,1.4826,0.503,0.00967741935483871,0,3.16643458160145,0.383547714309743,0.211316769544198
"drangedal3_b","3DRB","Drangedal3","B",8.834496,59.056436,2007,2009,2016,2,"0,5","Telemark",27.00672829,9.836987784,5.031787593,7,0.203125,0.25,"b",0.216331592689295,766,0,1.02512565260462,0,7.06,0.2675,0,0,0,NA,0,0,0,1.56726516614368,0.175192500549706,0.0193532385870393
"drangedal3_ub","3DRUB","Drangedal3","UB",8.833796,59.056992,2007,2009,2016,2,"0,5","Telemark",27.00672829,9.836987784,5.031787593,7,0.597301136363636,0.5,"ub",0.244906323185012,854,0,0.994302610737028,0,7.56,1.367,0,0,0,NA,0,0,0,1.78794115838276,0.190956853464838,0.0193532385870393
"drangedal4_b","4DRB","Drangedal4","B",8.822521,59.022177,2007,2009,2016,2,"0,5","Telemark",27.00672829,9.836987784,5.031787593,7,0.733103754397079,0.75,"b",0.841067415730337,1246,0.66,1.23020606898125,0,8.54,3.6025,0.05,0.91,0.66717,1.01086363636364,0.85,0.0377207062600321,0,3.13047933166485,0.456920871761117,0.205027981060011
"drangedal4_ub","4DRUB","Drangedal4","UB",8.822454,59.021728,2007,2009,2016,2,"0,5","Telemark",27.00672829,9.836987784,5.031787593,7,1.78137254901961,1.75,"ub",1.99268219383922,1331,2.05,0.772258539321439,0,4.71,3.145,1.52,2.5,0.726474,0.35437756097561,2.41,0.411720510894065,0.787735849056604,6.04471483889396,0.773213045698389,0.205027981060011
"eidskog_b","STSKNB","Eidskog","B",11.702825,60.04316,2008,2011,2016,2,"0,5","Hedmark",52.57030574,0.363637888,32.77363522,5,0.701488095238095,0.5,"b",0.373191489361702,1175,0.07,0.893992410051137,0,7.21,2.11,0,0.25,0.103782,1.4826,0.2,0.0025531914893617,0.8,1.76622966483097,0.274463769140178,0.250270962957011
"eidskog_ub","STSKNUB","Eidskog","UB",11.703475,60.043477,2008,2011,2016,2,"0,5","Hedmark",52.57030574,0.363637888,32.77363522,5,1.10714285714286,0.75,"ub",0.187652892561983,1210,0.04,0.428409386368072,0,3.09,1.08,0,0.15,0.059304,1.4826,0.13,0,0,1.45340710407108,0.224294512448342,0.250270962957011
"fet3_b","FKB","Fet 3","B",11.262528,59.82754,2008,2011,2016,5,"0,25","Hedmark",71.33638992,0,32.84966157,5,0.632556935817805,0.75,"b",0.262862811791383,3528,0.215,0.260246489341009,0,2.14,0.64,0.09,0.38,0.214977,0.999893023255814,0.34,0,0,1.57420146262517,0.271235433545786,0.140119204478322
"fet3_ub","FKUB","Fet 3","UB",11.260981,59.828745,2008,2011,2016,5,"0,25","Hedmark",71.33638992,0,32.84966157,5,1.37089646464646,0.875,"ub",0.626922857956163,3513,0.45,0.640536647714738,0,6.64,2,0.17,0.85,0.474432,1.05429333333333,0.74,0,0,2.63889283765303,0.479562980447986,0.140119204478322
"fritsoe1_b","1FRB","Fritsoe1","B",9.739193,59.416329,2009,2009,2017,2,"0,5","Telemark",45.5486725,2.225169257,8.847710058,8,0.870833333333333,0.625,"b",0.369170100058858,1699,0.04,0.697156233426277,0,4.02,1.92,0,0.26,0.059304,1.4826,0.19,0,0,2.2294245976082,0.386256054440469,0.245537882619449
"fritsoe1_ub","1FRUB","Fritsoe1","UB",9.738498,59.415974,2009,2009,2017,2,"0,5","Telemark",45.5486725,2.225169257,8.847710058,8,1.1019633764199,0.875,"ub",0.956565064478312,1706,1,0.861134310006112,0,4.54,2.49,0.08,1.5575,1.156428,1.156428,1.45,0.048651817116061,0,4.24672328340831,0.592785907041974,0.245537882619449
"fritsoe2_b","2FRB","Fritsoe2","B",9.823752,59.367768,2005,2009,2017,2,"0,5","Telemark",45.48785783,33.89613967,19.91579349,8,0.97188995215311,0.75,"b",0.474467787114846,714,0.04,0.91638677607482,0,5.95,2.3735,0,0.435,0.059304,1.4826,0.311,0.0196078431372549,0,2.18494863237557,0.430983056347093,0.148195815507045
"fritsoe2_ub","2FRUB","Fritsoe2","UB",9.823527,59.367231,2005,2009,2017,2,"0,5","Telemark",45.48785783,33.89613967,19.91579349,8,1.8816856452726,2,"ub",1.09093023255814,731,1,1.10580050186295,0,6.6,2.945,0,1.91,1.4826,1.4826,1.81,0.124487004103967,0,3.8224636400194,0.542300639658652,0.148195815507045
"fyresdal_b","1FYB","Furesdal","B",8.092094,59.336119,2007,2009,2017,2,"0,5","Telemark",23.22393919,2.078638027,1.526065809,8,0.443742740998839,0.25,"b",0.103744250229991,1087,0,0.301084688718051,0,2.57,0.34,0,0.1,0,NA,0.08,0,0,1.19771313545308,0.11578532212647,0.0580350472734916
"fyresdal_ub","1FYUB","Furesdal","UB",8.092528,59.336993,2007,2009,2017,2,"0,5","Telemark",23.22393919,2.078638027,1.526065809,8,0.735714285714286,0.25,"ub",0.808089668615984,1026,0.08,1.9260683207877,0,17.12,4.385,0,0.4375,0.118608,1.4826,0.2,0.0653021442495127,0.846153846153846,3.56674450362235,0.311953556064111,0.0580350472734916
"hi_tydal_b","HIB","Hi_tydal","B",11.411862,63.098123,2005,2008,2015,2,"0,5","Trondelag",16.47588281,0.419443553,0,7,0.805128205128205,0.75,"b",0.168299435028249,5310,0.02,0.405383936040398,-0.24,2.67,1.15,0,0.11,0.029652,1.4826,0.09,0,0,1.67403959342198,0.260862727240987,0.214070788335689
"hi_tydal_ub","HIUB","Hi_tydal","UB",11.411103,63.09807,2005,2008,2015,2,"0,5","Trondelag",16.47588281,0.419443553,0,7,1.37959330143541,1.25,"ub",1.09134871979805,5546,1.11,1.02138237197842,-0.24,4.32,2.83,0.04,1.87,1.497426,1.34903243243243,1.73,0.132347637937252,0.719769673704415,4.45479020103791,0.726795207939957,0.214070788335689
"h_pramhus_b","HPB","Halvard Pramhus","B",12.156934,60.095024,2007,2010,2016,5,"0,25","Hedmark",62.64905485,0,13.92362896,6,1.20119047619048,0.875,"b",0.184956114686951,3418,0.05,0.489660744937083,0,4.41,1.22,0,0.13,0.07413,1.4826,0.11,0,0,1.80822730410027,0.164432889767044,0.335469416346708
"h_pramhus_ub","HPUB","Halvard Pramhus","UB",12.156633,60.095602,2007,2010,2016,5,"0,25","Hedmark",62.64905485,0,13.92362896,6,1.39237012987013,1.125,"ub",0.45782253179891,3302,0.07,0.737041550113047,0,4.1,2.09,0,0.56,0.103782,1.4826,0.21,0.00817686250757117,0,3.03346725531802,0.397906699395465,0.335469416346708
"kongsvinger1_b","IAAB","Kongsvinger 1","B",11.941436,60.194141,2008,2011,2019,5,"0,25","Hedmark",51.74144646,1.630122359,10.57013525,8,1.54559871703493,1.25,"b",0.960636085626911,1635,0.89,0.961249740668734,0,4.22,2.8,0,1.56,1.275036,1.43262471910112,1.39,0.0941896024464832,0.764705882352941,2.88888131685727,0.741544668658542,0.507402727817246
"kongsvinger1_ub","IAAUB","Kongsvinger 1","UB",11.940475,60.194646,2008,2011,2019,5,"0,25","Hedmark",51.74144646,1.630122359,10.57013525,8,0.822721942470856,0.75,"ub",0.883848817080208,1733,0.5,1.06860316229647,-0.07,5,3.124,0,1.41,0.7413,1.4826,1.204,0.0940565493364108,0.754385964912281,3.22084699182095,0.674903751696512,0.507402727817246
"kongsvinger2_b","JCDB","Kongsvinger 2","B",11.972881,60.123316,2008,2011,2019,5,"0,25","Hedmark",51.74144646,1.630122359,10.57013525,8,0.737407780013414,0.75,"b",0.148836565096953,1444,0,0.398393208526071,-0.09,6.53,0.888499999999999,0,0.08,0,NA,0.05,0,0,1.40221327234397,0.17279435072426,0.0977691078853608
"kongsvinger2_ub","JCDUB","Kongsvinger 2","UB",11.972682,60.122872,2008,2011,2019,5,"0,25","Hedmark",51.74144646,1.630122359,10.57013525,8,1.65369897959184,1.375,"ub",0.308793208004851,1649,0,0.747030650488569,-0.07,4.18,2.216,0,0.08,0,NA,0.05,0.00667070952092177,0,2.30489916072654,0.304057742799556,0.0977691078853608
"kviteseid1_b","1KVB","Kviteseid1","B",8.198916,59.343617,2004,2009,2017,5,"0,25","Telemark",34.25057033,13.40190923,2.936689407,8,0.577478448275862,0.5,"b",0.923567540821376,2021,0.06,1.52396681086212,-0.01,7.9,4.3,0,1.41,0.088956,1.4826,0.87,0.145967342899555,0.769230769230769,3.34547628023072,0.491048585600004,0.105926078491013
"kviteseid1_ub","1KVUB","Kviteseid1","UB",8.19852,59.3433,2004,2009,2017,5,"0,25","Telemark",34.25057033,13.40190923,2.936689407,8,1.54861111111111,1.75,"ub",0.887119410085633,4204,0.08,1.13753169301723,0,4.38,3.06,0,1.83,0.118608,1.4826,1.56,0.144148430066603,0.799043062200957,5.10382517293908,0.577195812289205,0.105926078491013
"kviteseid2_b","2KVB","Kviteseid2","B",8.549483,59.30875,2005,2009,2017,5,"0,25","Telemark",34.25057033,13.40190923,2.936689407,8,0.839480803694513,0.625,"b",0.427259114583333,4608,0.1,0.717000190665079,0,5.5,2.03,0.02,0.51,0.14826,1.4826,0.29,0.00130208333333333,0,2.40735757862988,0.398766195046292,0.106407375541559
"kviteseid2_ub","2KVUB","Kviteseid2","UB",8.549302,59.309171,2005,2009,2017,5,"0,25","Telemark",34.25057033,13.40190923,2.936689407,8,1.21995192307692,0.875,"ub",0.886527358897027,4642,0.1,1.46486646055476,0,8.29,3.84,0.03,1.42,0.14826,1.4826,0.91,0.108573890564412,0.729468599033816,4.49454475979597,0.476103300325927,0.106407375541559
"kviteseid3_b","3KVB","Kviteseid3","B",8.267729,59.372355,2000,2009,2017,5,"0,25","Telemark",34.25057033,13.40190923,2.936689407,8,0.456605162855163,0.25,"b",0.558647581441264,2026,0.05,1.29326106983554,0,9.01,3.635,0,0.23,0.07413,1.4826,0.15,0.0320829220138203,0.714285714285714,2.25690526006116,0.342530848367484,0.0912505780029237
"kviteseid3_ub","3KVUB","Kviteseid3","UB",8.266754,59.3727,2000,2009,2017,5,"0,25","Telemark",34.25057033,13.40190923,2.936689407,8,1.13338068181818,1.125,"ub",1.01313487881981,1898,0.11,1.84322413079566,0,9.97,5.7815,0,1.2575,0.163086,1.4826,1.039,0.0737618545837724,0.684782608695652,3.59905017540611,0.488961241370453,0.0912505780029237
"maarud1_b","M1B","Maarud 1","B",11.592398,60.169248,2004,2007,2019,5,"0,25","Hedmark",49.08527729,0.828135374,16.24462266,12,1.22587831994941,1.25,"b",0.451647662485747,1754,0.09,0.688190886379283,-0.13,3.56,1.95,0,0.7575,0.133434,1.4826,0.340999999999999,0,0,2.69067899141224,0.444793816787673,0.502955834178235
"maarud1_ub","M1UB","Maarud 1","UB",11.593097,60.169193,2004,2007,2019,5,"0,25","Hedmark",49.08527729,0.828135374,16.24462266,12,1.97661792485471,2,"ub",2.68016814272879,7791,2.9,1.84905766791426,-0.14,13.79,5.54,1.25,3.95,1.838424,0.633939310344827,3.72,0.570145039147735,0.898248540450375,9.91475960176976,0.580681508124915,0.502955834178235
"maarud2_b","M2B","Maarud 2","B",11.753235,60.124845,2004,2007,2019,5,"0,25","Hedmark",49.08527729,0.828135374,16.24462266,12,1.61577510191421,1.5,"b",0.700856338028169,1775,0.13,0.913561763050351,-0.2,4.09,2.483,0,1.39,0.192738,1.4826,1.17,0.0608450704225352,0.818181818181818,3.64175839862703,0.551565362616099,0.272350750320769
"maarud2_ub","M2UB","Maarud 2","UB",11.752689,60.124453,2004,2007,2019,5,"0,25","Hedmark",49.08527729,0.828135374,16.24462266,12,1.89683904804873,1.75,"ub",0.815662028252161,9486,0.12,1.14031525537954,-0.23,7.85,3.12,0,1.54,0.177912,1.4826,1.28,0.101201771030993,0.805555555555556,4.04656563110506,0.4619497792785,0.272350750320769
"maarud3_b","M3B","Maarud 3","B",11.825264,60.109828,2004,2007,2019,5,"0,25","Hedmark",49.08527729,0.828135374,16.24462266,12,0.90625,0.75,"b",0.390466768138001,1971,0.03,0.728930295656272,-0.11,3.35,2.1,0,0.22,0.044478,1.4826,0.14,0.0167427701674277,0,2.50639177317961,0.408844502740227,0.157610692369824
"maarud3_ub","M3UB","Maarud 3","UB",11.825615,60.109342,2004,2007,2019,5,"0,25","Hedmark",49.08527729,0.828135374,16.24462266,12,1.47589563214563,1.5,"ub",2.72332590280874,8972,3.06,2.0056460477878,-0.06,9,5.78,0.17,4.26,2.253552,0.736454901960784,4.017,0.56130182790905,0.918432883750803,10.3001140196287,0.674234092228522,0.157610692369824
"malvik_b","MAB","Malvik","B",10.725884,63.358705,2002,2008,2016,2,"0,25","Trondelag",91.59537109,0.841762109,20.5676583,8,0.67266281512605,0.25,"b",0.266491596638655,476,0,0.805620311465038,0,6.51,1.5375,0,0.14,0,NA,0.08,0,0,1.46147149785019,0.23909831552403,0.160287892381656
"malvik_ub","MAUB","Malvik","UB",10.72509,63.358309,2002,2008,2016,2,"0,25","Trondelag",91.59537109,0.841762109,20.5676583,8,1.21712662337662,0.75,"ub",0.926657196969697,1056,0.43,1.02223308195533,-0.53,3.99,2.8625,0,1.67,0.637518,1.4826,1.47,0.107954545454545,0,3.56657115253194,0.655115679548313,0.160287892381656
"namdalseid_1kub_b","1KB","namdalseid_1kub","B",11.319426,64.264537,2006,2008,2010,2,"0,5","Trondelag",75.88802955,8.758466457,7.375877596,2,0.353741216512956,0.25,"b",0.149771528998243,569,0,0.791566763240378,0,8.76,0.316,0,0,0,NA,0,0,0,1.3884942530815,0.0666436000780157,0.222676728012514
"namdalseid_1kub_ub","1KUB","namdalseid_1kub","UB",11.318889,64.263747,2006,2008,2010,2,"0,5","Trondelag",75.88802955,8.758466457,7.375877596,2,0.454047619047619,0.25,"ub",0.220663265306122,588,0,0.946970099967571,0,7.91,0.483,0,0,0,NA,0,0,0,1.59327896214683,0.0969807443806637,0.222676728012514
"n_cappelen1_b","1CAB","Nome_Cappelen1","B",9.262933,59.141608,2006,2009,2017,2,"0,5","Telemark",36.73246483,7.237559382,26.88021893,8,0.607116627497062,0.75,"b",0.106503067484663,652,0,0.270290357028717,0,1.65,0.728999999999999,0,0.09,0,NA,0.06,0,0,1.19477226206164,0.206952845784407,0.0804412833108973
"n_cappelen1_ub","1CAUB","Nome_Cappelen1","UB",9.263685,59.141688,2006,2009,2017,2,"0,5","Telemark",36.73246483,7.237559382,26.88021893,8,0.675189393939394,0.25,"ub",0.252388059701493,670,0,0.857436457227634,0,7.09,1.7655,0,0.07,0,NA,0.0229999999999995,0,0,1.61658364038502,0.182652356815297,0.0804412833108973
"n_cappelen2_b","2CAB","Nome_Cappelen2","B",9.12481,59.262313,2006,2009,2017,2,"0,5","Telemark",30.18818188,28.25801849,15.04767058,8,0.723721590909091,0.5,"b",0.613909090909091,660,0,1.54900188850759,0,9.04,4.57599999999999,0,0.15,0,NA,0.103,0.0409090909090909,0,2.80894676340599,0.353941664553192,0.166542736794977
"n_cappelen2_ub","2CAUB","Nome_Cappelen2","UB",9.124931,59.2619,2006,2009,2017,2,"0,5","Telemark",30.18818188,28.25801849,15.04767058,8,1.44317234848485,1.375,"ub",0.479181286549708,684,0,0.773091322265947,0,2.92,2.1385,0,0.9475,0,NA,0.24,0.0190058479532164,0,2.22358691497669,0.474590855418638,0.166542736794977
"nes1_b","DDB","Nes 1","B",11.488864,60.081806,2008,2011,2019,5,"0,25","Hedmark",52.57030574,0.363637888,32.77363522,8,1.25817384370016,1,"b",1.13721142162819,1646,0.97,1.09477729492646,0,4.63,2.98,0.03,2.02,1.438122,1.4826,1.845,0.181044957472661,0.788079470198676,4.27912006048633,0.679470045852331,0.384882645546765
"nes1_ub","DDUB","Nes 1","UB",11.489434,60.082406,2008,2011,2019,5,"0,25","Hedmark",52.57030574,0.363637888,32.77363522,8,1.40798687896211,1.375,"ub",1.68117852975496,1714,1.835,1.39414023022623,0,5.67,3.88,0.1125,2.83,1.964445,1.07054223433243,2.65,0.374562427071179,0.787878787878788,5.54957415768913,0.759545302805051,0.384882645546765
"nes2_b","OLB","Nes 2","B",11.62658,60.088723,2008,2011,2019,5,"0,25","Hedmark",52.57030574,0.363637888,32.77363522,8,1.69925595238095,1.75,"b",1.23517918354628,3209,1.45,1.09082176377017,0,4.13,2.85,0.08,2.21,1.734642,1.19630482758621,2.11,0.256466188843877,0.828571428571429,7.20534603238576,0.607826234837576,0.984450427246636
"nes2_ub","OLUB","Nes 2","UB",11.625671,60.088665,2008,2011,2019,5,"0,25","Hedmark",52.57030574,0.363637888,32.77363522,8,1.90876322751323,1.75,"ub",1.44527681113572,3161,1.68,1.13306048845737,-0.05,4.93,3.18,0.1,2.3,1.438122,0.856025,2.18,0.278709269218602,0.762376237623762,7.9053046262005,0.645787299742187,0.984450427246636
"notodden3_b","3NOB","Notodden3","B",9.080254,59.676721,2002,2009,2017,5,"0,25","Telemark",45.75073179,7.549714848,3.55799475,8,1.00251623376623,0.75,"b",0.411644042232278,1989,0.08,0.660141944061126,0,3.2,1.9,0,0.39,0.118608,1.4826,0.23,0,0,2.64950416682197,0.422187442512399,0.14243035474986
"notodden3_ub","3NOUB","Notodden3","UB",9.080717,59.677287,2002,2009,2017,5,"0,25","Telemark",45.75073179,7.549714848,3.55799475,8,1.31222587719298,1,"ub",0.510958417849899,1972,0.1,0.750939708471081,0,3.35,2,0,1.09,0.14826,1.4826,0.35,0,0,3.13269238083074,0.466432779990297,0.14243035474986
"notodden5_b","5NOB","Notodden5","B",8.970883,59.694837,2007,2009,2017,2,"0,5","Telemark",45.75073179,7.549714848,3.55799475,8,0.553246420863214,0.5,"b",0.199735182849937,793,0,0.45467166029149,0,2.85,1.304,0,0.15,0,NA,0.12,0,0,1.52015750166549,0.279195183607051,0.119776917028699
"notodden5_ub","5NOUB","Notodden5","UB",8.970475,59.694495,2007,2009,2017,2,"0,5","Telemark",45.75073179,7.549714848,3.55799475,8,0.391970903618055,0.25,"ub",0.401918158567775,782,0,0.689769508870657,-0.23,3.3,1.9595,0,0.4375,0,NA,0.266999999999999,0,0,2.02990901750762,0.446467205729901,0.119776917028699
"notodden6_b","6NOB","Notodden6","B",9.010986,59.55497,2003,2009,2017,2,"0,5","Telemark",45.75073179,7.549714848,3.55799475,8,1.13169642857143,1,"b",0.281668009669621,1241,0.05,0.575863900265522,0,3.95,1.61,0,0.18,0.07413,1.4826,0.14,0,0,1.80183799989958,0.301144161027208,0.106105682858758
"notodden6_ub","6NOUB","Notodden6","UB",9.011906,59.554755,2003,2009,2017,2,"0,5","Telemark",45.75073179,7.549714848,3.55799475,8,1.36790986790987,1.5,"ub",0.559636228656273,1347,0.07,0.870679621208369,-0.08,4.19,2.437,0,1.17,0.103782,1.4826,0.34,0.0378619153674833,0,2.85939004649097,0.449794938240061,0.106105682858758
"nsb_verdal_b","1NSB","Nsb_Verdal","B",11.577472,63.843674,2006,2008,2015,2,"0,5","Trondelag",28.2697902,2.827400105,6.979690234,7,0.906344722639789,0.75,"b",0.0340493827160494,405,0,0.081467952338827,0,0.59,0.22,0,0,0,NA,0,0,0,1.02536632019568,NA,0.11046364755872
"nsb_verdal_ub","1NSUB","Nsb_Verdal","UB",11.57849,63.843925,2006,2008,2015,2,"0,5","Trondelag",28.2697902,2.827400105,6.979690234,7,0.75,0.75,"ub",0.0636324786324786,936,0,0.374409552378041,0,7.54,0.2025,0,0.05,0,NA,0.04,0,0,1.16298156934972,0.0220434822670473,0.11046364755872
"selbu_flub_b","FLB","Selbu_Flub","B",11.038617,63.254449,2004,2008,2015,2,"0,5","Trondelag",56.44604547,5.437898015,4.380325628,7,2.11170634920635,2.75,"b",0.926477366255144,1215,0.05,1.22156519196766,-0.08,5.87,3.433,0,1.71,0.07413,1.4826,1.468,0.138271604938272,0.683453237410072,4.1049759514288,0.575366347926348,0.271341571962914
"selbu_flub_ub","FLUB","Selbu_Flub","UB",11.038505,63.2549,2004,2008,2015,2,"0,5","Trondelag",56.44604547,5.437898015,4.380325628,7,1.73592261904762,1.5,"ub",0.676663886572143,1199,0,1.0804276558325,-0.19,4.33,3.01,0,1.295,0,NA,0.67,0.0967472894078399,0.8,3.16337231504925,0.531274063070899,0.271341571962914
"selbu_kl_b","KLB","Selbu_kl","B",11.031603,63.192682,2003,2008,2015,2,"0,5","Trondelag",56.44604547,5.437898015,4.380325628,7,0.410822325081478,0.25,"b",0.610747126436782,522,0,1.88663213761678,-0.28,8.82,6.1495,0,0,0,NA,0,0.0325670498084291,0.666666666666667,2.4888980395183,0.229130713615132,0.116040590906093
"selbu_kl_ub","KLUB","Selbu_kl","UB",11.031679,63.193102,2003,2008,2015,2,"0,5","Trondelag",56.44604547,5.437898015,4.380325628,7,0.372813638733961,0.25,"ub",0.417166064981949,554,0,1.59877272705359,-0.09,9.54,4.8205,0,0,0,NA,0,0.0108303249097473,0,2.15850592426152,0.147630137153074,0.116040590906093
"selbu_sl_b","SLB","Selbu_Sl","B",10.988518,63.136555,2002,2008,2015,2,"0,5","Trondelag",56.44604547,5.437898015,4.380325628,7,1.07252747252747,0.75,"b",0.35231,1000,0,0.651455568905707,-0.28,3.4,1.8815,0,0.35,0,NA,0.18,0,0,1.84211501309692,0.4521124768957,0.124288986480107
"selbu_sl_ub","SLUB","Selbu_Sl","UB",10.988881,63.13596,2002,2008,2015,2,"0,5","Trondelag",56.44604547,5.437898015,4.380325628,7,1.70208333333333,1.625,"ub",0.766833414278776,2059,0.15,0.981772844057135,-0.14,3.56,2.63,0,1.63,0.22239,1.4826,1.31,0.122875182127246,0.823204419889503,2.70162241440317,0.625909174913708,0.124288986480107
"singsaas_b","LAB","Singsaas","B",10.943145,62.967839,2005,2008,2015,2,"0,5","Trondelag",36.25939668,6.648445301,2.712137721,7,0.427369090752243,0.25,"b",0.0604931506849315,1460,0,0.287001998798373,-0.11,2.75,0.15,0,0,0,NA,0,0,0,1.14494891462978,0.0848036656785775,0.042265252358123
"singsaas_ub","LAUB","Singsaas","UB",10.942996,62.96731,2005,2008,2015,2,"0,5","Trondelag",36.25939668,6.648445301,2.712137721,7,0.503435559006211,0.25,"ub",0.0822031571722718,1457,0,0.418610689362165,-0.14,6.09,0.26,0,0,0,NA,0,0,0,1.31318695691784,0.0770936096250517,0.042265252358123
"sl_tydal_b","SEB","Sl_Tydal","B",11.422647,63.046955,2005,2008,2015,2,"0,5","Trondelag",16.47588281,0.419443553,0,7,0.529626623376623,0.25,"b",0.104389086595492,843,0,0.285179779067643,0,2.31,0.801999999999998,0,0,0,NA,0,0,0,1.2639879197985,0.202717335723988,0.132712130856701
"sl_tydal_ub","SEUB","Sl_Tydal","UB",11.423383,63.047032,2005,2008,2015,2,"0,5","Trondelag",16.47588281,0.419443553,0,7,0.858620036746658,0.75,"ub",0.49368906455863,759,0,0.873056432195803,0,5.25,2.163,0,0.78,0,NA,0.346,0.0197628458498024,0,1.92035741324553,0.436225033763358,0.132712130856701
"sorem_b","SKB","Soerum","B",11.310369,59.917857,2008,2011,2013,2,"0,5","Hedmark",59.32528016,3.43817827,48.12147002,2,0.394318181818182,0.25,"b",0.0758047945205479,1168,0.02,0.16592511162465,0,2.03,0.28,0,0.0925,0.029652,1.4826,0.07,0,0,1.09496889865506,0.0632974234035318,0.174894126572609
"sorem_ub","SKUB","Soerum","UB",11.310522,59.917101,2008,2011,2013,2,"0,5","Hedmark",59.32528016,3.43817827,48.12147002,2,0.566237745098039,0.75,"ub",0.059906015037594,1064,0,0.120720596693924,0,1.12,0.24,0,0.08,0,NA,0.07,0,0,1.0770216365696,0.0884065173567145,0.174894126572609
"stangesk_aurskog_b","SSAB","Stangeskovene Aurskog","B",11.353306,59.84871,2007,2010,2018,5,"0,25","Hedmark",56.43464358,0,18.91236981,8,1.15588235294118,1,"b",0.0858391492190096,3009,0.04,0.201237945777014,-0.11,2.51,0.24,0,0.1,0.059304,1.4826,0.08,0,0,1.25229087926096,0.0700372479601702,0.114068354617472
"stangesk_aurskog_ub","SSAUB","Stangeskovene Aurskog","UB",11.354806,59.848884,2007,2010,2018,5,"0,25","Hedmark",56.43464358,0,18.91236981,8,0.879761904761905,0.75,"ub",0.196537544696067,1678,0.02,0.456609045675984,-0.1,3.24,1.39,0,0.14,0.029652,1.4826,0.11,0,0,1.60917010304206,0.239753682499952,0.114068354617472
"stangesk_eidskog_b","SSBB","Stangeskovene Eidskog","B",11.884357,59.950178,2007,2010,2016,5,"0,5","Hedmark",62.64905485,0,13.92362896,6,0.407440476190476,0.25,"b",0.0887281621243885,1431,0,0.277659656402857,-0.09,2.99,0.325,0,0.07,0,NA,0.06,0,0,1.13530905165539,0.10744517298405,0.0904621044106202
"stangesk_eidskog_ub","SSBUB","Stangeskovene Eidskog","UB",11.885225,59.949846,2007,2010,2016,5,"0,5","Hedmark",62.64905485,0,13.92362896,6,0.935994152046784,0.5,"ub",0.576115107913669,1390,0.11,0.824945237435787,-0.09,3.76,2.3255,0,1.1075,0.163086,1.4826,0.673,0.0345323741007194,0.763636363636364,2.13805846646239,0.566450001850082,0.0904621044106202
"steinkjer_1BBb_b","1BBB","steinkjer_1BBb","B",11.891657,64.213491,2005,2008,2011,2,"0,5","Trondelag",107.5650526,2.431337072,17.86445891,3,0.39359120841319,0.25,"b",0.0570524412296564,553,0,0.11653275554324,-0.04,0.78,0.29,0,0.07,0,NA,0.04,0,0,1.05164919868434,NA,0.115979123017114
"steinkjer_1BBb_ub","1BBUB","steinkjer_1BBb","UB",11.892633,64.213433,2005,2008,2011,2,"0,5","Trondelag",107.5650526,2.431337072,17.86445891,3,0.49828125,0.375,"ub",0.0794509803921569,510,0,0.147071252758773,-0.05,0.95,0.38,0,0.11,0,NA,0.09,0,0,1.07252179109738,NA,0.115979123017114
"steinkjer_2BBb_b","2BBB","steinkjer_2BBb","B",11.86149,64.199944,2004,2008,2011,2,"0,5","Trondelag",107.5650526,2.431337072,17.86445891,3,0.540760869565217,0.25,"b",0.482030360531309,527,0,1.48793840554515,-0.03,8.85,2.927,0,0.145,0,NA,0.09,0.00759013282732448,0,1.80396958013393,0.251825052054033,0.0870407514943544
"steinkjer_2BBb_ub","2BBUB","steinkjer_2BBb","UB",11.860742,64.199657,2004,2008,2011,2,"0,5","Trondelag",107.5650526,2.431337072,17.86445891,3,0.542534722222222,0.375,"ub",0.3271875,512,0,1.04440972945227,-0.04,8.78,1.48,0,0.16,0,NA,0.1,0,0,1.77054155042815,0.228420830778472,0.0870407514943544
"stig_dahlen_b","SDB","Stig Dahlen","B",11.511604,59.958474,2007,2010,2017,2,"0,5","Hedmark",56.43464358,0,18.91236981,7,0.967693236714976,1,"b",0.27471218206158,747,0.09,0.388626530989154,0,2.53,1.027,0,0.43,0.133434,1.4826,0.341999999999999,0,0,1.43064309351023,0.381497647465585,1
"stig_dahlen_ub","SDUB","Stig Dahlen","UB",11.510852,59.957798,2007,2010,2017,2,"0,5","Hedmark",56.43464358,0,18.91236981,7,1.91558427440469,1.875,"ub",2.6530029154519,686,2.685,0.967454190993207,0,6.54,4.12,2.0625,3.2775,0.896973,0.334068156424581,3.14,0.653061224489796,0.829721362229102,4.24213423690209,0.794579457802613,1
"sub_namdalseid_b","1SB","Sub_Namdalseid","B",11.314401,64.181582,2004,2008,2010,2,"0,5","Trondelag",75.88802955,8.758466457,7.375877596,2,0.29389880952381,0.25,"b",0.204462179042332,1441,0,0.953797092979176,-0.01,7.99,0.31,0,0.08,0,NA,0.06,0,0,1.63121756871169,0.0918188284289319,0.0774373445233693
"sub_namdalseid_ub","1SUB","Sub_Namdalseid","UB",11.313697,64.181336,2004,2008,2010,2,"0,5","Trondelag",75.88802955,8.758466457,7.375877596,2,0.297569444444444,0.25,"ub",0.0611301859799714,699,0,0.163838305016419,0,2.38,0.341,0,0.035,0,NA,0,0,0,1.09308089252171,0.0675288110367079,0.0774373445233693
"truls_holm_b","THB","Truls Holm","B",11.801503,59.850496,2007,2010,2017,2,"0,5","Hedmark",56.43464358,0,18.91236981,7,0.830876161440186,0.75,"b",0.279068702290076,655,0,0.498695748328797,0,3.38,1.293,0,0.295,0,NA,0.208,0,0,1.56510009176434,0.367993960938631,0.29477737362203
"truls_holm_ub","THUB","Truls Holm","UB",11.80162,59.8511,2007,2010,2017,2,"0,5","Hedmark",56.43464358,0,18.91236981,7,1.10291364296081,0.75,"ub",0.951,690,1,0.925725706772784,0,4.02,2.552,0,1.59,1.319514,1.319514,1.46,0.0608695652173913,0,3.07607946628907,0.64580660344845,0.29477737362203
"verdal_1vb_b","1VBB","verdal_1vb","B",11.793287,63.721556,2005,2008,2015,2,"0,5","Trondelag",28.2697902,2.827400105,6.979690234,7,0.286111111111111,0.25,"b",0.0453239656518345,1281,0,0.0688413628969627,0,0.73,0.17,0,0.08,0,NA,0.06,0,0,1.04418985936768,NA,0.0119389206250207
"verdal_1vb_ub","1VBUB","verdal_1vb","UB",11.793114,63.721926,2005,2008,2015,2,"0,5","Trondelag",28.2697902,2.827400105,6.979690234,7,0.680555555555556,0.625,"ub",0.233799843627834,1279,0.02,0.887042320772755,0,7.36,1.01699999999997,0,0.1,0.029652,1.4826,0.08,0,0,1.65651583144845,0.126258818047864,0.0119389206250207
"verdal_2vb_b","2VBB","verdal_2VB","B",11.678672,63.7363,2003,2008,2015,2,"0,5","Trondelag",28.2697902,2.827400105,6.979690234,7,1.18099376114082,0.75,"b",0.257627974044701,1387,0.06,0.412489797009334,0,2.41,1.24,0,0.33,0.088956,1.4826,0.25,0,0,1.5437023746706,0.406463633937354,0.24111518527678
"verdal_2vb_ub","2VBUB","verdal_2VB","UB",11.679582,63.736321,2003,2008,2015,2,"0,5","Trondelag",28.2697902,2.827400105,6.979690234,7,2.08343253968254,2,"ub",1.23811538461538,1560,1.075,1.17342086350935,0,4.89,3.191,0.05,2.26,1.549317,1.44122511627907,2,0.228846153846154,0.821989528795812,3.10839758125937,0.7605534571547,0.24111518527678
